{"cameraMode":{"drawMode":0,"name":"Shaded","section":"Shading Mode"},"sceneLighting":true,"audioPlay":false,"sceneViewState":{"showFog":true,"showMaterialUpdate":false,"showSkybox":true,"showFlares":true,"showImageEffects":true,"showParticleSystems":true},"in2DMode":false,"pivot":{"x":4.008133411407471,"y":-3.5094871520996095,"z":-1.1435213088989258},"rotation":{"x":0.3260505795478821,"y":0.08426439762115479,"z":-0.029195405542850496,"w":0.9411460757255554},"size":7.65855598449707,"orthographic":false}