{"cameraMode":{"drawMode":0,"name":"Shaded","section":"Shading Mode"},"sceneLighting":true,"audioPlay":false,"sceneViewState":{"showFog":true,"showMaterialUpdate":false,"showSkybox":true,"showFlares":true,"showImageEffects":true,"showParticleSystems":true},"in2DMode":false,"pivot":{"x":-0.11366164684295654,"y":0.6331894397735596,"z":0.21102945506572724},"rotation":{"x":0.1301143914461136,"y":0.015862368047237397,"z":-0.002089636866003275,"w":0.9913778901100159},"size":1.752702236175537,"orthographic":false}