{"cameraMode":{"drawMode":0,"name":"Shaded","section":"Shading Mode"},"sceneLighting":false,"audioPlay":false,"sceneViewState":{"showFog":true,"showMaterialUpdate":false,"showSkybox":false,"showFlares":true,"showImageEffects":true,"showParticleSystems":true},"in2DMode":false,"pivot":{"x":0.0,"y":0.025000005960464479,"z":0.047999992966651919},"rotation":{"x":0.132873073220253,"y":-0.025770112872123719,"z":0.0034723735880106689,"w":0.9908159971237183},"size":0.886383056640625,"orthographic":false}